title,summary,pubDate,sentiment,confidence
Apple WWDC 2025: What to expect from iPhone maker's event,"Apple (AAPL) will be kicking off its 2025 Worldwide Developers Conference (WWDC) this Monday, June 9, in Cupertino, California. Lasting until June 13, Wall Street is expecting the event to showcase the next phase in the iPhone maker's Apple Intelligence features. Wedbush Securities managing director and global head of technology research Dan Ives comments on what to expect from Apple on the AI front and former Apple designer Jony Ive's team-up with OpenAI. Also catch Ives weigh in on Elon Musk's full-time return as the CEO of Tesla (TSLA). To watch more expert insights and analysis on the latest market action, check out more Market Domination&nbsp;here.",2025-06-08T14:00:31Z,neutral,0.8973137140274048
Pro Drivers Give Brad Pitt's 'F1' Movie The Thumbs Up. Its $300 Million Budget Makes It One Of The Most Expensive Films Ever Made,"Brad Pitt‘s much-vaunted Formula One movie, “F1,” recently received a resounding thumbs up from its potentially toughest audience — F1 drivers. During a screening in Monaco, the film was praised by the sport’s speed kings, multiple outlets reported. It was hardly surprising considering some of them have cameos in the movie and it was made in cooperation with F1. Apple (NASDAQ:AAPL), which reportedly spent $300 million to make the film, and Warner Brothers, the distributor, can only hope the publ",2025-06-08T18:31:40Z,positive,0.7838484644889832
"Apple WWDC; Inflation Data; GameStop Earnings, Oracle Stock, and More to Watch This Week","The new week kicks off with Apple’s Worldwide Developers Conference that runs from Monday through Friday.  The Apple faithful are hoping for good news that can jump-start the shares of the iPhone maker.  The consumer price index, released by the Bureau of Labor Statistics on Wednesday, one week before the Federal Open Market Committee announces its monetary policy decision, will garner much attention.",2025-06-08T18:00:00Z,neutral,0.504279613494873
Warren Buffett's AI Bets: 22% of Berkshire Hathaway's $282 Billion Stock Portfolio Is in These 2 Artificial Intelligence Stocks,"Apple has some proving to do in the AI space, but its stock remains Berkshire Hathaway's biggest bet.  Generative AI represents Amazon's greatest growth driver now, and it could translate into trillions of dollars.  At the end of this year, Warren Buffett will be stepping down as Berkshire Hathaway's CEO.",2025-06-08T11:30:00Z,neutral,0.6220875382423401
Street Calls of the Week,Investing.com -- Here is your Pro Recap of the top takeaways from Wall Street analysts for the past week.,2025-06-08T09:35:35Z,neutral,0.9148812294006348
Apple is about to answer a burning question about its future,"Apple is about to reveal what’s next for its most important products at its annual Worldwide Developer’s Conference on Monday. This year, the stakes are significantly higher than usual.",2025-06-08T09:00:03Z,positive,0.6517109274864197
"What To Expect in Markets This Week: May Inflation Data, Apple Conference, GameStop Earnings","Coming up: May CPI Inflation Data, Apple Developers Conference, Consumer Sentiment, Earnings from GameStop, Oracle and Adobe",2025-06-08T09:00:00Z,neutral,0.9267736077308655
"WWDC to focus on redesigns as Apple remains sidelined on AI, Bloomberg says","Apple’s (AAPL) upcoming Worldwide Developers Conference will do little to assuage fears that the iPhone maker is a laggard in AI, Blomberg’s Mark Gurman reports. Instead, the event will focus on design and productivity enhancements for its long-established operating system franchises. The company’s keynote address will introduce redesigned software interfaces for the iPhone, iPad, Mac, Apple TV and Apple Watch, in addition to more minor tweaks to the Vision Pro headset. As part of the end-to-end",2025-06-07T14:20:21Z,neutral,0.7801560759544373
‘Sextortion’ Scams Involving Apple Messages Ended in Tragedy for These Boys,"Criminals exploit the trust teens have in iPhone messaging, and use the platform to make relentless demands for money.",2025-06-07T13:00:00Z,negative,0.49515435099601746
Here's How Much Traders Expect Apple Stock to Move After WWDC,"Current options pricing suggests markets expect a modest move in the tech giant's stock price the week of its annual Worldwide Developers Conference, with the keynote scheduled for Monday.",2025-06-07T11:30:00Z,positive,0.5921031832695007
